{
  "project_info": {
    "project_number": "306604307672",
    "project_id": "expense-tracker-f147a",
    "storage_bucket": "expense-tracker-f147a.firebasestorage.app"
  },
  "client": [
    {
      "client_info": {
        "mobilesdk_app_id": "1:306604307672:android:7a58b488f63a801e9693ad",
        "android_client_info": {
          "package_name": "com.example.an_expense_tracker"
        }
      },
      "oauth_client": [],
      "api_key": [
        {
          "current_key": "AIzaSyBBbtU4WtbAHoxkrqfbhMWhl4oLbWbDruA"
        }
      ],
      "services": {
        "appinvite_service": {
          "other_platform_oauth_client": []
        }
      }
    }
  ],
  "configuration_version": "1"
}